,Id,SalePrice
0,1461,122867.81542350423
1,1462,154144.8133155122
2,1463,157751.0567782828
3,1464,202401.28762756693
4,1465,207971.77483396608
5,1466,187073.49767262745
6,1467,213101.71287605184
7,1468,191517.35697335453
8,1469,162214.7347515873
9,1470,99682.6914882395
10,1471,175031.1755476189
11,1472,134835.99137527484
12,1473,137227.54433093016
13,1474,147924.94391830396
14,1475,124535.34995750364
15,1476,286195.30208167393
16,1477,247136.7535894162
17,1478,234522.42690090195
18,1479,253061.52385523103
19,1480,269532.404377381
20,1481,218743.24684199112
21,1482,217770.83759227977
22,1483,176104.27323095233
23,1484,182910.80912687586
24,1485,205801.1420104619
25,1486,205801.1420104619
26,1487,204988.70481673864
27,1488,217770.83759227977
28,1489,168135.31584332616
29,1490,176247.95061500717
30,1491,202520.83651661943
31,1492,98325.69257729215
32,1493,207258.85314219122
33,1494,234967.96040187575
34,1495,198534.87367665663
35,1496,182215.09652595458
36,1497,159797.05921608966
37,1498,159797.05921608966
38,1499,159518.11189733064
39,1500,170519.7851731964
40,1501,177760.12908567814
41,1502,159862.86832561353
42,1503,256026.24585590808
43,1504,204761.34415800852
44,1505,186181.90895364355
45,1506,176773.5027332252
46,1507,199680.96201030895
47,1508,159778.50559832682
48,1509,163415.68777162285
49,1510,135701.6455052309
50,1511,129131.90599177481
51,1512,158385.52665016663
52,1513,169940.31561578708
53,1514,172976.7102148269
54,1515,207258.85314219122
55,1516,128086.82490412352
56,1517,132494.40984759133
57,1518,122599.55092528857
58,1519,211011.15846709974
59,1520,137817.5668589466
60,1521,137817.5668589466
61,1522,145186.62462295216
62,1523,111146.01081991341
63,1524,99480.76459855704
64,1525,130637.9315458153
65,1526,114038.47211440511
66,1527,125895.3172185343
67,1528,133455.8078961816
68,1529,145319.69602490021
69,1530,134555.99245707082
70,1531,114198.08003917744
71,1532,107482.78128095237
72,1533,132219.55371746025
73,1534,138223.90620536395
74,1535,148560.62836309517
75,1536,136674.5894424966
76,1537,86477.10635524198
77,1538,248937.6309935065
78,1539,265087.60053131875
79,1540,118447.39616180479
80,1541,183976.26535339106
81,1542,142412.9522253108
82,1543,202393.5528053918
83,1544,98826.36527857147
84,1545,110608.37576666671
85,1546,153275.49676295914
86,1547,130339.84863544242
87,1548,169247.59499747472
88,1549,131738.5494704851
89,1550,121705.57392341264
90,1551,102039.8153098846
91,1552,115744.74729196365
92,1553,182818.48537001337
93,1554,136789.9915863276
94,1555,119975.21298575036
95,1556,102623.6762228217
96,1557,93075.75019559887
97,1558,109316.31267308802
98,1559,100017.85610514497
99,1560,142207.52812742812
100,1561,129015.91786223781
101,1562,133518.46203436574
102,1563,108629.84787590183
103,1564,124281.61463005048
104,1565,139096.05245905486
105,1566,215904.30217336825
106,1567,73137.19067584361
107,1568,198263.4143063491
108,1569,144051.3147767677
109,1570,133049.76370937948
110,1571,142304.97179321793
111,1572,127387.63137186148
112,1573,148507.89657781392
113,1574,124884.91185880231
114,1575,184708.26376428574
115,1576,208918.73843783987
116,1577,197124.48561327532
117,1578,186710.45191545133
118,1579,126596.7032118687
119,1580,205824.84477796374
120,1581,193707.69520464534
121,1582,130732.89010450932
122,1583,232900.57162525246
123,1584,212374.29171273147
124,1585,136406.43574909816
125,1586,99977.88796053393
126,1587,129351.46219733055
127,1588,131285.4243561689
128,1589,81672.43723221503
129,1590,131723.62141334763
130,1591,109438.07222655123
131,1592,172879.01517229425
132,1593,103479.60325519486
133,1594,181678.1182852092
134,1595,84167.95884283503
135,1596,176107.57845097396
136,1597,202767.44757990612
137,1598,213168.6912601788
138,1599,154102.84259747475
139,1600,210288.1281600844
140,1601,66573.32502346266
141,1602,126897.80301193244
142,1603,109316.31267308802
143,1604,206138.95276847022
144,1605,222765.92755339094
145,1606,168402.18448509809
146,1607,182692.19862931507
147,1608,185004.11464069266
148,1609,197124.48561327532
149,1610,159050.4222412338
150,1611,138538.4422380952
151,1612,148524.87743488452
152,1613,150388.84427031007
153,1614,127886.64549317346
154,1615,136446.20373638597
155,1616,112141.93451352816
156,1617,132268.45597510829
157,1618,129811.89757801642
158,1619,127242.64498390502
159,1620,185444.5419166667
160,1621,141603.28526681097
161,1622,136740.468892527
162,1623,192053.11897427563
163,1624,187073.49767262745
164,1625,121356.97932373738
165,1626,154691.80545413474
166,1627,191517.35697335453
167,1628,251893.97792222226
168,1629,202401.28762756693
169,1630,242455.05459830438
170,1631,199526.89022460324
171,1632,198349.8587876402
172,1633,201398.0441355034
173,1634,196203.9947038184
174,1635,186028.14294751914
175,1636,171674.38156865895
176,1637,155523.3865439977
177,1638,202722.46048978798
178,1639,183397.43229600944
179,1640,240659.7491111109
180,1641,183354.319367144
181,1642,205801.1420104619
182,1643,218743.24684199112
183,1644,215407.65563636337
184,1645,161950.24748792872
185,1646,142820.30645798647
186,1647,146184.09399711393
187,1648,132270.832249062
188,1649,155835.87425505053
189,1650,121220.88710000007
190,1651,132439.8351407649
191,1652,133655.07221637812
192,1653,156672.69546356407
193,1654,165918.4563725332
194,1655,147289.49857460317
195,1656,155523.3865439977
196,1657,163580.72509511615
197,1658,160295.89100016662
198,1659,126758.0606212427
199,1660,129602.94000658786
200,1661,298581.4596524892
201,1662,283082.0516107143
202,1663,262726.79262990627
203,1664,281932.69278208737
204,1665,262726.79262990627
205,1666,239262.9066557053
206,1667,258507.3518393938
207,1668,287479.1076868853
208,1669,235310.07216345618
209,1670,262726.79262990627
210,1671,205899.09974565989
211,1672,257477.51959252148
212,1673,275776.0549611833
213,1674,213101.71287605184
214,1675,175270.49623246747
215,1676,172341.72508261196
216,1677,191901.64910360743
217,1678,266661.02298946615
218,1679,243959.09573578645
219,1680,249577.4853102456
220,1681,253714.5581158372
221,1682,231975.10150808087
222,1683,184017.69312536073
223,1684,201680.91782430335
224,1685,183698.81437186152
225,1686,170116.3861911978
226,1687,185706.4877476912
227,1688,206519.81925068542
228,1689,206881.5692818904
229,1690,202520.83651661943
230,1691,205801.1420104619
231,1692,233323.3441415223
232,1693,206881.5692818904
233,1694,207731.98124573767
234,1695,209129.93554112557
235,1696,214939.58709246022
236,1697,204761.34415800852
237,1698,242637.30559891768
238,1699,190254.05482739478
239,1700,202273.84543420473
240,1701,211491.02011244296
241,1702,238466.00221520982
242,1703,237784.79462201148
243,1704,234149.37270433447
244,1705,229737.0520595654
245,1706,262139.8068649961
246,1707,201201.82204545414
247,1708,211011.15846709974
248,1709,262726.79262990627
249,1710,219171.3678413779
250,1711,255705.04843484855
251,1712,270408.3924155814
252,1713,200657.541994328
253,1714,183750.52398028364
254,1715,187311.47089141404
255,1716,169846.63470533086
256,1717,166219.2058710594
257,1718,148772.55290652957
258,1719,203989.90592058765
259,1720,205778.76849343427
260,1721,168749.57964595125
261,1722,149011.9867953102
262,1723,147314.25843740974
263,1724,197124.48561327532
264,1725,214531.18772839647
265,1726,180438.9470256132
266,1727,169406.3597238067
267,1728,179378.90813744572
268,1729,196675.7561138861
269,1730,184233.2878697302
270,1731,120047.61400028848
271,1732,125824.94543538125
272,1733,115493.1102569458
273,1734,129474.01210948781
274,1735,132764.6649819985
275,1736,137869.526584993
276,1737,200697.76106754353
277,1738,266077.60535535583
278,1739,211925.21447686746
279,1740,178430.20318672442
280,1741,163420.1409841438
281,1742,172777.81985277784
282,1743,185399.99514018768
283,1744,243966.63847638766
284,1745,162304.3728742064
285,1746,194483.48941888663
286,1747,193606.62651071153
287,1748,217705.58085981224
288,1749,134249.15178765683
289,1750,131458.10548690477
290,1751,200299.1927185038
291,1752,125851.12855038849
292,1753,137625.9710163419
293,1754,170877.38916507916
294,1755,151217.6465867467
295,1756,122867.81542350423
296,1757,126049.54613928561
297,1758,117409.78000050508
298,1759,167798.76672743924
299,1760,141888.72239471917
300,1761,135263.0752649712
301,1762,175989.18099406984
302,1763,133611.13432370135
303,1764,113776.95552670668
304,1765,125851.12855038849
305,1766,150204.4799023199
306,1767,247143.24198759027
307,1768,132219.55371746025
308,1769,169536.16872474755
309,1770,200541.77866199642
310,1771,136877.56941244597
311,1772,140540.90447965375
312,1773,118377.93765735927
313,1774,125333.74029167499
314,1775,130940.09267431454
315,1776,100100.3241761489
316,1777,97837.18335274173
317,1778,132850.72540952943
318,1779,125025.21428947446
319,1780,177132.57384284888
320,1781,116651.02604775788
321,1782,87027.88251444112
322,1783,206178.38237254682
323,1784,135638.20388549782
324,1785,118960.7675918415
325,1786,115060.60995127095
326,1787,236231.76103789563
327,1788,72808.52081512933
328,1789,103073.82314408376
329,1790,122379.29862813852
330,1791,196536.8343412197
331,1792,165971.42341919203
332,1793,128894.73938445162
333,1794,148392.183944661
334,1795,124979.41962976182
335,1796,122450.49078668823
336,1797,108004.46175043292
337,1798,137272.5440611472
338,1799,104117.46248986294
339,1800,141469.6297335499
340,1801,173848.342511011
341,1802,133370.97613517308
342,1803,141620.88915243934
343,1804,130582.63071962481
344,1805,136222.22864137808
345,1806,140732.02516309518
346,1807,172321.30981423584
347,1808,188694.24104504942
348,1809,210636.3837481961
349,1810,133429.9950920081
350,1811,122232.11553358585
351,1812,109169.42616186319
352,1813,155609.76964882342
353,1814,99328.83067123157
354,1815,64054.001672272185
355,1816,110603.82662380957
356,1817,113439.18609015983
357,1818,173514.51984920626
358,1819,133567.19393525372
359,1820,73010.94390098796
360,1821,118960.7675918415
361,1822,127414.44238775666
362,1823,70586.43720614666
363,1824,118960.7675918415
364,1825,168668.27672061286
365,1826,109169.42616186319
366,1827,134380.01879898168
367,1828,136041.4534608447
368,1829,99328.83067123157
369,1830,148163.9443421717
370,1831,216356.00912067384
371,1832,114239.49485401265
372,1833,143840.4546054696
373,1834,138735.32458140748
374,1835,205091.90113142115
375,1836,108820.30676908373
376,1837,89261.95074981963
377,1838,165518.94935714293
378,1839,127706.62037869917
379,1840,179664.4818511155
380,1841,112766.8802214647
381,1842,129270.75412669546
382,1843,143292.99488489304
383,1844,132300.2422397491
384,1845,135966.490188925
385,1846,136493.05470757588
386,1847,136832.90737504442
387,1848,66019.63456909754
388,1849,106488.62996428569
389,1850,113915.21506837335
390,1851,169151.6516641414
391,1852,130637.9315458153
392,1853,123371.48464570705
393,1854,214173.22478564203
394,1855,138434.45982803038
395,1856,206508.0633436785
396,1857,135840.3775250001
397,1858,143557.38293813137
398,1859,142964.8270628067
399,1860,134061.9409858226
400,1861,142964.8270628067
401,1862,205289.51608214268
402,1863,205289.51608214268
403,1864,205289.51608214268
404,1865,264025.3231026973
405,1866,287479.1076868853
406,1867,223022.37469589297
407,1868,238466.00221520982
408,1869,182089.0584622294
409,1870,220046.348873124
410,1871,229737.0520595654
411,1872,183698.81437186152
412,1873,200506.55942388164
413,1874,125871.26826489897
414,1875,173046.9342968253
415,1876,189714.34047457544
416,1877,186181.90895364355
417,1878,186181.90895364355
418,1879,127070.09452860743
419,1880,131738.5494704851
420,1881,186932.2065330086
421,1882,243446.71727297982
422,1883,187894.49969610389
423,1884,188239.13635483405
424,1885,196603.7728436508
425,1886,221794.7596637805
426,1887,200620.3600716506
427,1888,234149.37270433447
428,1889,176746.08529242425
429,1890,136221.32928095243
430,1891,132527.70397629883
431,1892,112098.10085880233
432,1893,109169.42616186319
433,1894,123152.65684664503
434,1895,134952.0686247835
435,1896,116651.02604775788
436,1897,116498.45056252643
437,1898,154483.48973698512
438,1899,140691.86942932615
439,1900,144473.94090865806
440,1901,130454.539631402
441,1902,104526.4597669552
442,1903,223981.25135353522
443,1904,128712.29519733053
444,1905,149348.7004650905
445,1906,207996.35788849217
446,1907,139423.92585052177
447,1908,131253.1922378011
448,1909,160794.03585476193
449,1910,159424.55713520912
450,1911,173459.73177905421
451,1912,260532.28114687814
452,1913,184952.63044195523
453,1914,96044.95259980306
454,1915,220046.348873124
455,1916,64054.001672272185
456,1917,218743.24684199112
457,1918,131382.54601810413
458,1919,179765.39608982683
459,1920,125494.13168278943
460,1921,284147.694217044
461,1922,262726.79262990627
462,1923,245237.69093708534
463,1924,212817.88536507924
464,1925,211244.36713639132
465,1926,251166.05773690486
466,1927,132033.8664440836
467,1928,150524.13135075747
468,1929,124779.91552604624
469,1930,130779.14363162953
470,1931,127099.43538646352
471,1932,141212.74206443003
472,1933,158134.6413646465
473,1934,196203.9947038184
474,1935,191517.35697335453
475,1936,196203.9947038184
476,1937,191517.35697335453
477,1938,150388.84427031007
478,1939,226812.4705488012
479,1940,204342.0184916139
480,1941,196203.9947038184
481,1942,187666.4870377068
482,1943,208414.54515142637
483,1944,271689.3647810244
484,1945,241755.20533380233
485,1946,101103.24157216113
486,1947,253714.5581158372
487,1948,146529.79582000777
488,1949,200999.05555869135
489,1950,176241.846234066
490,1951,158449.4385318321
491,1952,154062.02811390272
492,1953,148055.8845959458
493,1954,199327.5164908702
494,1955,142489.84992173934
495,1956,205700.30614346766
496,1957,149201.73355085202
497,1958,237766.89898860015
498,1959,182434.8557983406
499,1960,110273.02585129872
500,1961,121330.9555271285
501,1962,133363.7585259019
502,1963,156733.66790404025
503,1964,148255.18873906933
504,1965,163169.256092907
505,1966,197100.64549197457
506,1967,238466.00221520982
507,1968,274102.93857831886
508,1969,257741.54354289325
509,1970,285021.58706677484
510,1971,290233.32804655336
511,1972,272692.30273279204
512,1973,279466.5855824676
513,1974,264761.5858546538
514,1975,241041.048391947
515,1976,224698.94358423486
516,1977,256702.59598629162
517,1978,253859.41346847042
518,1979,253096.2572698414
519,1980,179125.84251699125
520,1981,249577.4853102456
521,1982,223408.014995743
522,1983,223408.014995743
523,1984,182066.49422200577
524,1985,182215.09652595458
525,1986,198811.31935714284
526,1987,178772.49432261914
527,1988,183827.14179440858
528,1989,206881.5692818904
529,1990,211276.0443608224
530,1991,226176.632141378
531,1992,202478.6115781273
532,1993,187311.47089141404
533,1994,214108.19121727976
534,1995,209129.93554112557
535,1996,237697.36384559868
536,1997,255456.49037727847
537,1998,197389.03435158732
538,1999,215953.2816143272
539,2000,255827.80902597954
540,2001,211003.32913855568
541,2002,199246.57082680386
542,2003,263710.69568467373
543,2004,269105.87176370836
544,2005,223022.37469589297
545,2006,229462.50189340385
546,2007,238466.00221520982
547,2008,197124.48561327532
548,2009,192664.17911543456
549,2010,201680.91782430335
550,2011,139182.05372961756
551,2012,192564.0555248195
552,2013,177559.1019706791
553,2014,186028.14294751914
554,2015,180928.30711002875
555,2016,198344.0801051726
556,2017,200506.55942388164
557,2018,105051.91419191923
558,2019,133226.41381422195
559,2020,121514.33596277065
560,2021,105051.91419191923
561,2022,150495.12665233112
562,2023,135433.30043106063
563,2024,199680.96201030895
564,2025,242803.36860177314
565,2026,170638.30785786448
566,2027,173033.14565811705
567,2028,173815.44881334784
568,2029,187055.26730663772
569,2030,226764.0748626096
570,2031,241394.12081315916
571,2032,202778.97643837557
572,2033,226764.0748626096
573,2034,176274.15595382397
574,2035,207179.4862662894
575,2036,201729.46835353517
576,2037,218743.24684199112
577,2038,230628.91562731424
578,2039,214329.2855938228
579,2040,182289.2764008657
580,2041,252214.1758259549
581,2042,205801.1420104619
582,2043,163415.68777162285
583,2044,142604.12854576542
584,2045,187853.3642518592
585,2046,165377.91980128485
586,2047,143383.16496401935
587,2048,128684.4542277279
588,2049,134574.8854227634
589,2050,164249.15831240983
590,2051,129067.35182745308
591,2052,120047.61400028848
592,2053,139811.52220799748
593,2054,101638.01336315359
594,2055,156414.14609612626
595,2056,144138.9553743867
596,2057,123049.8024265429
597,2058,239124.35766612546
598,2059,117347.60114336219
599,2060,199219.99877128427
600,2061,126049.54613928561
601,2062,121516.2677015789
602,2063,110418.12537738099
603,2064,139423.92585052177
604,2065,115292.18985296931
605,2066,154460.8180171219
606,2067,153960.97321388894
607,2068,120032.50695284994
608,2069,82120.40852189752
609,2070,114276.82794747478
610,2071,130267.47477633489
611,2072,111942.60994938125
612,2073,136446.20373638597
613,2074,188455.79472560494
614,2075,125871.26826489897
615,2076,110581.32968373019
616,2077,144837.31713601135
617,2078,135657.8496279221
618,2079,133527.57632492497
619,2080,116225.79444090916
620,2081,135708.17940779225
621,2082,135015.49985054115
622,2083,143497.16726584538
623,2084,114087.67997438667
624,2085,132886.31407157285
625,2086,147682.65373434336
626,2087,137292.77030082972
627,2088,135237.175766847
628,2089,81305.87955122656
629,2090,172117.52628206246
630,2091,154002.35101691907
631,2092,126395.28741576482
632,2093,103267.32958873907
633,2094,132975.85449044852
634,2095,149500.600175505
635,2096,101638.01336315359
636,2097,130078.00894444445
637,2098,107759.64300305254
638,2099,67209.37834885948
639,2100,135612.27962958143
640,2101,145218.7053936869
641,2102,146664.1451940116
642,2103,131191.07474540462
643,2104,135085.70820447334
644,2105,178653.78761737992
645,2106,67151.73358258963
646,2107,234703.1718255413
647,2108,122867.81542350423
648,2109,134257.14532518043
649,2110,127284.89093628594
650,2111,176999.25436121927
651,2112,122287.06507658729
652,2113,139277.0164674964
653,2114,174333.543371276
654,2115,171076.8443683262
655,2116,131191.07474540462
656,2117,200565.31660541118
657,2118,147960.49909143645
658,2119,117078.10845042742
659,2120,141125.2394309773
660,2121,94646.09985007218
661,2122,109000.61948145201
662,2123,142664.91058263968
663,2124,144529.70288536462
664,2125,126373.73077665947
665,2126,142795.9635218254
666,2127,204578.83259988902
667,2128,122156.70795735376
668,2129,98351.89870050509
669,2130,156106.20858258402
670,2131,180732.31121338395
671,2132,152412.9869419054
672,2133,122900.79154758301
673,2134,129819.72271076134
674,2135,164374.6870277417
675,2136,114232.88214679768
676,2137,135909.9033255773
677,2138,134424.63812676782
678,2139,135759.28945129877
679,2140,137292.77030082972
680,2141,136468.16740339104
681,2142,129602.86310624095
682,2143,124508.63527056277
683,2144,95007.50734350653
684,2145,137359.61267570758
685,2146,149302.63396262616
686,2147,126227.8323631036
687,2148,160637.25607370137
688,2149,130259.4785575757
689,2150,171938.31827369845
690,2151,106303.603669697
691,2152,134154.2649196471
692,2153,136549.03913257585
693,2154,114816.0054168109
694,2155,188083.77563974643
695,2156,196657.23989051217
696,2157,199489.03344119777
697,2158,211003.32913855568
698,2159,205824.84477796374
699,2160,193388.91371201293
700,2161,238466.00221520982
701,2162,259762.66798412704
702,2163,283082.0516107143
703,2164,190518.4016228494
704,2165,155480.58199730839
705,2166,127322.50959065661
706,2167,174405.4874741703
707,2168,178545.76458842802
708,2169,188239.13635483405
709,2170,187894.49969610389
710,2171,131947.34885627145
711,2172,133595.99169841275
712,2173,173993.58661515155
713,2174,202478.6115781273
714,2175,239202.0853305556
715,2176,205778.76849343427
716,2177,211276.0443608224
717,2178,218743.24684199112
718,2179,138794.94811581745
719,2180,184638.37990144317
720,2181,185059.15057319618
721,2182,223022.37469589297
722,2183,192564.0555248195
723,2184,128894.73938445162
724,2185,136063.99502297983
725,2186,156987.42731760468
726,2187,137899.51739725826
727,2188,182938.52008653572
728,2189,209907.91582558258
729,2190,94975.49286911973
730,2191,94975.49286911973
731,2192,99959.97820108222
732,2193,173101.64879371464
733,2194,179480.68168373016
734,2195,103630.73234754687
735,2196,140540.90447965375
736,2197,154448.73203347772
737,2198,190570.0992755023
738,2199,223550.18451046172
739,2200,112167.41639595407
740,2201,137285.29015038567
741,2202,237149.8446434399
742,2203,97040.13121666672
743,2204,184757.22883424902
744,2205,95007.50734350653
745,2206,107148.248988803
746,2207,180749.54173683253
747,2208,279976.8069881367
748,2209,137813.83395566372
749,2210,129902.04934205796
750,2211,131037.1505727495
751,2212,134220.09768842827
752,2213,119860.30543830611
753,2214,138854.8013516955
754,2215,127905.13538239538
755,2216,124717.81598279219
756,2217,84329.54564539356
757,2218,109000.61948145201
758,2219,132400.23596575658
759,2220,118352.27326342002
760,2221,222853.57577431446
761,2222,170116.3861911978
762,2223,199524.75727042413
763,2224,205053.46396367796
764,2225,183345.5340921357
765,2226,144695.37158109646
766,2227,203621.4089244922
767,2228,266761.383126476
768,2229,221585.84375898837
769,2230,154266.84480833335
770,2231,201200.68496796503
771,2232,179092.69778744594
772,2233,167241.18859386712
773,2234,223726.83423809524
774,2235,178949.69221666656
775,2236,238466.00221520982
776,2237,232289.282267033
777,2238,202552.12304783557
778,2239,134893.45541215735
779,2240,165549.46721161625
780,2241,117896.90359505772
781,2242,134215.796818723
782,2243,135062.54323879458
783,2244,133730.31614116178
784,2245,118910.86948621924
785,2246,132500.71852637085
786,2247,244634.66122133724
787,2248,125830.82396897544
788,2249,138555.75530342714
789,2250,135195.698132179
790,2251,120947.77305632149
791,2252,161872.2215283328
792,2253,196203.9947038184
793,2254,190805.92343258968
794,2255,198344.0801051726
795,2256,180755.32403860017
796,2257,188207.25103755415
797,2258,180080.32397867955
798,2259,190805.92343258968
799,2260,131261.34996360025
800,2261,208414.54515142637
801,2262,152881.18807893223
802,2263,301311.6174197692
803,2264,281404.6591551589
804,2265,141714.80319534632
805,2266,253714.5581158372
806,2267,234449.94102928467
807,2268,278522.604164716
808,2269,167396.28372781098
809,2270,225018.86771123338
810,2271,182699.74241439122
811,2272,191017.43176111087
812,2273,174724.14826534566
813,2274,173835.1177627706
814,2275,152508.11381394733
815,2276,176475.09540900186
816,2277,169160.82213657987
817,2278,142627.68845876624
818,2279,131906.25391435792
819,2280,122909.60675788378
820,2281,173556.43561356424
821,2282,175406.9656953102
822,2283,157681.77037157287
823,2284,142898.62936163842
824,2285,199059.55951424682
825,2286,131241.8282218254
826,2287,259762.66798412704
827,2288,247136.7535894162
828,2289,231049.58663293644
829,2290,283082.0516107143
830,2291,280689.1382931822
831,2292,261212.97823829233
832,2293,281238.3405892665
833,2294,285819.04292157287
834,2295,255491.23163854494
835,2296,238018.90412774737
836,2297,269105.87176370836
837,2298,263047.4772068905
838,2299,253197.12388156579
839,2300,239562.86014062594
840,2301,269105.87176370836
841,2302,211011.15846709974
842,2303,234149.37270433447
843,2304,244781.88096844006
844,2305,163420.1409841438
845,2306,163420.1409841438
846,2307,177292.9873231241
847,2308,223408.014995743
848,2309,246074.10421500745
849,2310,223408.014995743
850,2311,182910.80912687586
851,2312,185590.1754696608
852,2313,177979.32443290047
853,2314,201201.82204545414
854,2315,184578.72876064215
855,2316,178700.4104299062
856,2317,174150.3745799783
857,2318,178700.4104299062
858,2319,218268.55060584398
859,2320,229462.50189340385
860,2321,224698.94358423486
861,2322,197124.48561327532
862,2323,171578.2177896105
863,2324,195432.45549499936
864,2325,193388.91371201293
865,2326,206519.81925068542
866,2327,214700.09645100997
867,2328,216480.60138712107
868,2329,198344.0801051726
869,2330,198344.0801051726
870,2331,225639.92134487728
871,2332,256275.8021391471
872,2333,244525.06176215733
873,2334,214183.33515595223
874,2335,232654.11377431446
875,2336,230237.87672885993
876,2337,223113.80005336052
877,2338,229462.50189340385
878,2339,238466.00221520982
879,2340,248182.8872266764
880,2341,201130.16746796505
881,2342,234149.37270433447
882,2343,211011.15846709974
883,2344,207357.76660865798
884,2345,237784.79462201148
885,2346,229462.50189340385
886,2347,201201.82204545414
887,2348,269105.87176370836
888,2349,172329.79656655845
889,2350,269105.87176370836
890,2351,226176.632141378
891,2352,220046.348873124
892,2353,194332.42080202012
893,2354,154448.73203347772
894,2355,167513.77115879397
895,2356,136503.3997845959
896,2357,211011.15846709974
897,2358,196203.9947038184
898,2359,138119.84947088754
899,2360,126889.04750826121
900,2361,153036.43865259734
901,2362,199935.28549170267
902,2363,119443.14753470421
903,2364,132731.74520275008
904,2365,217177.28903383826
905,2366,222853.57577431446
906,2367,222853.57577431446
907,2368,178772.49432261914
908,2369,220987.12451955272
909,2370,184427.0783804474
910,2371,171929.56036915592
911,2372,175279.36193766235
912,2373,255705.04843484855
913,2374,225332.04605591626
914,2375,231770.6775107782
915,2376,205127.79085234215
916,2377,195670.8553036409
917,2378,156571.79241613942
918,2379,171456.3955579363
919,2380,132636.0275540403
920,2381,142349.03962787217
921,2382,195339.53034216893
922,2383,199667.15375589416
923,2384,209754.6747126761
924,2385,170549.79454009864
925,2386,132126.2260755412
926,2387,130919.27479343436
927,2388,107477.78827647903
928,2389,130100.48215562764
929,2390,130278.33663492059
930,2391,127763.17091006484
931,2392,125346.68636756844
932,2393,170549.79454009864
933,2394,155969.74803119118
934,2395,223413.46572885997
935,2396,139361.17657424248
936,2397,170704.6584536076
937,2398,126433.22275468978
938,2399,78042.19314705295
939,2400,84197.64260542236
940,2401,129563.59191898107
941,2402,129817.52431380849
942,2403,136614.9715195111
943,2404,154225.36806611187
944,2405,136605.69479819643
945,2406,127706.62037869917
946,2407,137272.5440611472
947,2408,132489.44406605331
948,2409,137511.24269228
949,2410,132763.5262262626
950,2411,116139.10552053785
951,2412,142889.50014087302
952,2413,119781.4935319541
953,2414,183301.2879771923
954,2415,128818.34224592349
955,2416,120318.58889051221
956,2417,131108.92862669553
957,2418,132997.44780888004
958,2419,99460.28423421025
959,2420,119781.4935319541
960,2421,140540.90447965375
961,2422,128294.41253026696
962,2423,181767.52919595968
963,2424,142605.7776803391
964,2425,176853.8418182901
965,2426,174775.31561588123
966,2427,177154.13324743044
967,2428,189182.42895075754
968,2429,127763.17091006484
969,2430,131770.27192380943
970,2431,109072.84441364477
971,2432,138763.89015327167
972,2433,136493.05470757588
973,2434,136046.4004495311
974,2435,137511.24269228
975,2436,143911.65840551964
976,2437,104630.97662747258
977,2438,132886.31407157285
978,2439,128231.3400553336
979,2440,121157.08788326122
980,2441,97432.14855965153
981,2442,127688.4478269397
982,2443,114482.95518311697
983,2444,142533.76456536792
984,2445,115603.9403848847
985,2446,157280.27336011204
986,2447,259663.2144187646
987,2448,161262.29336000106
988,2449,121157.08788326122
989,2450,186710.45191545133
990,2451,163897.32267098734
991,2452,197501.94204534357
992,2453,114081.51904138924
993,2454,176455.73361500716
994,2455,149354.22413448783
995,2456,122204.33987121227
996,2457,185162.92062824676
997,2458,156875.3354973026
998,2459,110581.32968373019
999,2460,136199.8002201105
1000,2461,125885.64160537506
1001,2462,136856.49033589466
1002,2463,112363.67785696262
1003,2464,237603.96198009205
1004,2465,127195.20749740265
1005,2466,118664.75278416317
1006,2467,167378.6483501444
1007,2468,112959.60487212235
1008,2469,84156.45739669223
1009,2470,196586.1923556276
1010,2471,194517.63340029688
1011,2472,135175.39694024037
1012,2473,126301.0912583334
1013,2474,112711.14512106785
1014,2475,164920.42616659447
1015,2476,128669.8702752803
1016,2477,129131.90599177481
1017,2478,133372.4565160174
1018,2479,96708.14225686535
1019,2480,200462.49421053377
1020,2481,117260.65356100292
1021,2482,132024.34007639874
1022,2483,121220.88710000007
1023,2484,117139.31863863648
1024,2485,132033.8664440836
1025,2486,144652.55186528465
1026,2487,186021.4194166666
1027,2488,186924.08680612445
1028,2489,137678.76498040018
1029,2490,145571.5027270812
1030,2491,115403.98830961822
1031,2492,173524.4137118326
1032,2493,185004.11464069266
1033,2494,120044.65758726557
1034,2495,90368.05604087302
1035,2496,198846.22711002876
1036,2497,152836.3502724109
1037,2498,138242.21580458156
1038,2499,109443.0838453103
1039,2500,166985.9591690809
1040,2501,134497.07556500722
1041,2502,137618.45391589796
1042,2503,121885.27312717288
1043,2504,174490.91997788596
1044,2505,205801.1420104619
1045,2506,247136.7535894162
1046,2507,269105.87176370836
1047,2508,247136.7535894162
1048,2509,211011.15846709974
1049,2510,238466.00221520982
1050,2511,191901.64910360743
1051,2512,207357.76660865798
1052,2513,195685.11963095228
1053,2514,173736.18252316015
1054,2515,137269.91038895
1055,2516,193388.91371201293
1056,2517,127306.10576922804
1057,2518,141096.3832767677
1058,2519,209780.6792100123
1059,2520,209780.6792100123
1060,2521,205801.1420104619
1061,2522,207179.4862662894
1062,2523,121198.49388290044
1063,2524,137167.42233643582
1064,2525,153315.60307422015
1065,2526,136532.60997200588
1066,2527,113774.5988772728
1067,2528,129739.31221943884
1068,2529,133042.04898163787
1069,2530,133119.1656276197
1070,2531,205022.9088889445
1071,2532,206519.81925068542
1072,2533,206881.5692818904
1073,2534,199390.32827922076
1074,2535,229126.42263409076
1075,2536,206881.5692818904
1076,2537,239001.0006129787
1077,2538,218268.55060584398
1078,2539,171578.2177896105
1079,2540,176319.43338809526
1080,2541,207357.76660865798
1081,2542,153794.27792738096
1082,2543,110564.36745129873
1083,2544,102679.1109049617
1084,2545,126277.57973795103
1085,2546,123148.794039935
1086,2547,142152.99161828996
1087,2548,196072.07695799466
1088,2549,154266.84480833335
1089,2550,218487.01540914376
1090,2551,133730.31614116178
1091,2552,128803.60025974025
1092,2553,94368.0534487734
1093,2554,148981.7425102315
1094,2555,124824.69507770569
1095,2556,98420.85868311685
1096,2557,109438.07222655123
1097,2558,179140.3733182041
1098,2559,115603.9403848847
1099,2560,256464.15307516072
1100,2561,132997.7158042569
1101,2562,127195.20749740265
1102,2563,136942.9184752165
1103,2564,220986.91253073866
1104,2565,125025.21428947446
1105,2566,141191.38319729432
1106,2567,118477.63187182545
1107,2568,136046.4004495311
1108,2569,164760.0555146244
1109,2570,128231.3400553336
1110,2571,140454.86743445153
1111,2572,154647.12173766238
1112,2573,161872.2215283328
1113,2574,212466.01593711833
1114,2575,123820.49506421362
1115,2576,185059.15057319618
1116,2577,178949.69221666656
1117,2578,110581.32968373019
1118,2579,69456.6624400794
1119,2580,180194.9197457072
1120,2581,135231.36599018768
1121,2582,137725.88660992892
1122,2583,222853.57577431446
1123,2584,160678.36757279935
1124,2585,147314.25843740974
1125,2586,196928.05949728622
1126,2587,179194.13195486995
1127,2588,127984.8360798701
1128,2589,129384.16385078804
1129,2590,207513.1196752359
1130,2591,215914.39576764617
1131,2592,219296.0275559523
1132,2593,226176.632141378
1133,2594,183958.1967770674
1134,2595,205942.99513434328
1135,2596,208577.9258593433
1136,2597,183354.319367144
1137,2598,206044.42691399707
1138,2599,278522.604164716
1139,2600,100873.51464719714
1140,2601,136876.49977123985
1141,2602,111221.98422146463
1142,2603,98978.05227215003
1143,2604,131860.64002272734
1144,2605,120000.2449342712
1145,2606,131274.0675091269
1146,2607,153315.60307422015
1147,2608,141847.80961694138
1148,2609,157672.91847561332
1149,2610,130582.34475667385
1150,2611,100269.0016585969
1151,2612,146814.16277087355
1152,2613,125387.20040764785
1153,2614,129938.0908369353
1154,2615,155898.786063298
1155,2616,123841.90304065647
1156,2617,138155.88878030307
1157,2618,178783.00114336234
1158,2619,183095.12944493268
1159,2620,184427.0783804474
1160,2621,189714.34047457544
1161,2622,196203.9947038184
1162,2623,242591.75435613844
1163,2624,225843.27310111834
1164,2625,237766.89898860015
1165,2626,180628.29749455253
1166,2627,208414.54515142637
1167,2628,284888.9659902957
1168,2629,264774.60178093304
1169,2630,283100.8574658372
1170,2631,277876.9304157455
1171,2632,291555.4799041485
1172,2633,257741.54354289325
1173,2634,290449.9283029219
1174,2635,127242.64498390502
1175,2636,174476.92964289308
1176,2637,131738.5494704851
1177,2638,213555.05552012977
1178,2639,198742.63677812743
1179,2640,134853.08825813077
1180,2641,91689.86282647908
1181,2642,166101.4874766957
1182,2643,142967.3564119992
1183,2644,143588.3545677711
1184,2645,166101.9066308082
1185,2646,133591.67364494954
1186,2647,142403.01927866583
1187,2648,147970.77223375236
1188,2649,137899.51739725826
1189,2650,197931.7046889221
1190,2651,160586.4985874681
1191,2652,283100.8574658372
1192,2653,219171.3678413779
1193,2654,222649.05575620476
1194,2655,257741.54354289325
1195,2656,284541.31414000737
1196,2657,283082.0516107143
1197,2658,269105.87176370836
1198,2659,278989.12147965387
1199,2660,278989.12147965387
1200,2661,249577.4853102456
1201,2662,257741.54354289325
1202,2663,271746.5880356417
1203,2664,253714.5581158372
1204,2665,251745.6872323235
1205,2666,249577.4853102456
1206,2667,184241.28603600292
1207,2668,213555.05552012977
1208,2669,176319.43338809526
1209,2670,274102.93857831886
1210,2671,213555.05552012977
1211,2672,197124.48561327532
1212,2673,174441.86424632045
1213,2674,190516.36954354256
1214,2675,197124.48561327532
1215,2676,207357.76660865798
1216,2677,197334.07218860026
1217,2678,217507.10153347743
1218,2679,218743.24684199112
1219,2680,229328.6559368685
1220,2681,261074.67539758308
1221,2682,238609.67613145732
1222,2683,257392.3659955323
1223,2684,238609.67613145732
1224,2685,219527.7142509156
1225,2686,269105.87176370836
1226,2687,224812.29479693362
1227,2688,247136.7535894162
1228,2689,222853.57577431446
1229,2690,284888.9659902957
1230,2691,184578.72876064215
1231,2692,146263.8494283551
1232,2693,201201.82204545414
1233,2694,154448.73203347772
1234,2695,199129.60625652125
1235,2696,207357.76660865798
1236,2697,202754.01669716398
1237,2698,190805.92343258968
1238,2699,166929.70669999716
1239,2700,166929.70669999716
1240,2701,177186.35403128518
1241,2702,117896.90359505772
1242,2703,194306.0136954184
1243,2704,136329.8951889972
1244,2705,119100.8614151515
1245,2706,130732.89010450932
1246,2707,125233.90332261073
1247,2708,136635.68840305266
1248,2709,131285.4243561689
1249,2710,129553.26547887395
1250,2711,169874.72821037576
1251,2712,238159.3700505048
1252,2713,201016.71152834687
1253,2714,157955.30823261198
1254,2715,170348.34600227285
1255,2716,156603.98881204924
1256,2717,188239.13635483405
1257,2718,215698.90780411803
1258,2719,151663.6735758521
1259,2720,173222.93718981004
1260,2721,129405.69457788602
1261,2722,140739.14912016594
1262,2723,129769.94512318245
1263,2724,130901.29121980522
1264,2725,130791.23051821787
1265,2726,131558.20061563427
1266,2727,221794.7596637805
1267,2728,157228.51113059165
1268,2729,143126.24217830508
1269,2730,136222.22864137808
1270,2731,113112.36647344886
1271,2732,114401.48210306639
1272,2733,142676.05169794368
1273,2734,130240.34571955277
1274,2735,141545.06509671718
1275,2736,143588.3545677711
1276,2737,132874.62419093124
1277,2738,136614.9715195111
1278,2739,131285.4243561689
1279,2740,126421.81297193364
1280,2741,137315.71258246762
1281,2742,158062.11854870137
1282,2743,138904.8266794013
1283,2744,138628.15923184308
1284,2745,141265.02708091345
1285,2746,130267.47477633489
1286,2747,152450.33656226553
1287,2748,137935.01519689756
1288,2749,133743.85513102455
1289,2750,145186.62462295216
1290,2751,126444.25383325292
1291,2752,157563.5324401155
1292,2753,135237.175766847
1293,2754,158136.42033456
1294,2755,153454.47853287263
1295,2756,129846.85712124828
1296,2757,84329.54564539356
1297,2758,141880.04387074313
1298,2759,169487.89013125768
1299,2760,112765.02022042693
1300,2761,131455.44714350658
1301,2762,142168.60916932236
1302,2763,180080.32397867955
1303,2764,156615.40790764792
1304,2765,282746.1170171774
1305,2766,131051.90478828401
1306,2767,92543.89718253976
1307,2768,133152.83200119052
1308,2769,119301.10631410536
1309,2770,130063.66433600282
1310,2771,124284.53432164511
1311,2772,129131.90599177481
1312,2773,248746.8031740064
1313,2774,129351.46219733055
1314,2775,136775.38343131312
1315,2776,145214.35354621214
1316,2777,124471.28203380223
1317,2778,125111.32242366527
1318,2779,115205.02223903323
1319,2780,115102.71807763356
1320,2781,114401.48210306639
1321,2782,101813.39663286437
1322,2783,94943.57115513373
1323,2784,125126.04658214275
1324,2785,157730.73120163166
1325,2786,80930.36790555557
1326,2787,170383.8038239539
1327,2788,89986.9630633589
1328,2789,248444.56856347245
1329,2790,157585.3849038601
1330,2791,121170.13354671704
1331,2792,85592.20867688702
1332,2793,140176.72601796547
1333,2794,98313.08793586964
1334,2795,141684.91408178204
1335,2796,104894.48258764578
1336,2797,168668.95797747542
1337,2798,111150.59773323346
1338,2799,144138.9553743867
1339,2800,97772.39265660172
1340,2801,121298.43453333323
1341,2802,141545.06509671718
1342,2803,163426.00619998618
1343,2804,129467.27689159458
1344,2805,116494.77384498554
1345,2806,90943.75526884233
1346,2807,158869.6387046178
1347,2808,129553.26547887395
1348,2809,123199.60302604624
1349,2810,132500.71852637085
1350,2811,138473.98560102395
1351,2812,136961.6534563492
1352,2813,145844.7859295455
1353,2814,145844.7859295455
1354,2815,110468.2064594712
1355,2816,127147.57257730883
1356,2817,130332.09418137693
1357,2818,127745.46948593063
1358,2819,175299.29797602378
1359,2820,134310.00069505777
1360,2821,124790.23384393948
1361,2822,180139.1089001276
1362,2823,201803.29167501949
1363,2824,128455.71472622661
1364,2825,144347.62988159058
1365,2826,136041.42184767727
1366,2827,143218.4466768705
1367,2828,168874.70637142865
1368,2829,229564.84231697486
1369,2830,218268.55060584398
1370,2831,191901.64910360743
1371,2832,182366.59208005053
1372,2833,224812.29479693362
1373,2834,213555.05552012977
1374,2835,211011.15846709974
1375,2836,193388.91371201293
1376,2837,151476.0684867467
1377,2838,141483.207619697
1378,2839,178545.76458842802
1379,2840,175090.59168369413
1380,2841,207179.4862662894
1381,2842,205801.1420104619
1382,2843,157760.0883518038
1383,2844,158363.81822212785
1384,2845,130638.80292438668
1385,2846,185706.4877476912
1386,2847,198344.0801051726
1387,2848,239330.44245980404
1388,2849,214700.09645100997
1389,2850,232900.57162525246
1390,2851,209131.25750407623
1391,2852,202559.74018202344
1392,2853,214939.58709246022
1393,2854,138582.73683688536
1394,2855,194790.67845508663
1395,2856,218268.55060584398
1396,2857,193388.91371201293
1397,2858,201201.82204545414
1398,2859,147161.24055487002
1399,2860,142940.99220294418
1400,2861,102258.34580194803
1401,2862,197332.26343469584
1402,2863,131470.1741301589
1403,2864,218042.43445929894
1404,2865,135592.76669476923
1405,2866,199246.57082680386
1406,2867,123657.02361796542
1407,2868,111150.59773323346
1408,2869,126071.55427161738
1409,2870,126640.6079811688
1410,2871,102172.14817713948
1411,2872,73774.8748343435
1412,2873,131061.30712518042
1413,2874,116107.54634484134
1414,2875,121298.43453333323
1415,2876,147300.19515652678
1416,2877,127570.33057128427
1417,2878,166099.5774116161
1418,2879,116107.54634484134
1419,2880,110950.62028968253
1420,2881,135652.07749503836
1421,2882,133220.4485046704
1422,2883,170823.29037259961
1423,2884,185054.08212961766
1424,2885,171571.5887678571
1425,2886,184788.8537265151
1426,2887,115102.71807763356
1427,2888,124559.47005541125
1428,2889,90943.75526884233
1429,2890,104894.48258764578
1430,2891,151938.50197599627
1431,2892,92427.00718406594
1432,2893,160327.39508223726
1433,2894,92448.56578868353
1434,2895,222853.57577431446
1435,2896,220046.348873124
1436,2897,162791.47481657227
1437,2898,177691.4510477494
1438,2899,223726.83423809524
1439,2900,151858.3641646964
1440,2901,130625.07584317368
1441,2902,173556.43561356424
1442,2903,270408.3924155814
1443,2904,277627.6496753774
1444,2905,109933.19382255536
1445,2906,201025.10792891003
1446,2907,136815.45311237383
1447,2908,128684.4542277279
1448,2909,137233.77484069276
1449,2910,114139.88116587301
1450,2911,111533.4363643218
1451,2912,142077.75380671
1452,2913,129587.73646345604
1453,2914,129587.73646345604
1454,2915,134569.34344761915
1455,2916,134200.20865270554
1456,2917,134713.5739580336
1457,2918,136626.56164126995
1458,2919,213676.57439416123
